-- Drop existing tables
DROP TABLE IF EXISTS users, theory, practical, theorycourse, practicalcourse, project, departmentclasses, dept_duty;

-- Create Users table
CREATE TABLE users (
    faculty_id VARCHAR(50) PRIMARY KEY,
    f_name VARCHAR(100),
    password VARCHAR(100),
    entity VARCHAR(100),
    role_in_dept VARCHAR(100),
    CONSTRAINT entity_check CHECK (entity IN ('user', 'admin')),
    CONSTRAINT role_check CHECK (role_in_dept IN ('faculty', 'hod', 'non_teaching_staff')),
    Status VARCHAR(10) CHECK (Status IN ('Active', 'Inactive')),
    Designation VARCHAR(100) CHECK (Designation IN ('Assistant Professor', 'Associate Professor', 'HOD', 'Technician'))
);

-- Create TheoryCourse table
CREATE TABLE theorycourse (
    course_code VARCHAR(10) PRIMARY KEY,
    course_name VARCHAR(100)
);

-- Create PracticalCourse table
CREATE TABLE practicalcourse (
    course_code VARCHAR(10) PRIMARY KEY,
    course_name VARCHAR(100),
    hours INT
);

-- Create Theory table
CREATE TABLE theory (
    faculty_id VARCHAR(50),
    course_code VARCHAR(10),
    handled_duration VARCHAR(100),
    hours_per_week INT,
    FOREIGN KEY (faculty_id) REFERENCES users(faculty_id),
    FOREIGN KEY (course_code) REFERENCES theorycourse(course_code)
);

-- Create Practical table
CREATE TABLE practical (
    faculty_id VARCHAR(50),
    course_code VARCHAR(10),
    handled_duration VARCHAR(100),
    FOREIGN KEY (faculty_id) REFERENCES users(faculty_id),
    FOREIGN KEY (course_code) REFERENCES practicalcourse(course_code)
);

-- Create Project table
CREATE TABLE project (
    faculty_id VARCHAR(50),
    course_code VARCHAR(10),
    project_name VARCHAR(100),
    handled_duration VARCHAR(100),
    FOREIGN KEY (faculty_id) REFERENCES users(faculty_id),
    FOREIGN KEY (course_code) REFERENCES practicalcourse(course_code)
);

-- Create DepartmentClasses table
CREATE TABLE departmentclasses (
    section VARCHAR(10),
    batch VARCHAR(50),
    strength INT,
    PRIMARY KEY (section, batch)
);

-- Create Dept_duty table
CREATE TABLE dept_duty (
    faculty_id VARCHAR(50),
    Responsibilities VARCHAR(100),
    FOREIGN KEY (faculty_id) REFERENCES users(faculty_id)
);

CREATE TABLE duty (
    duty VARCHAR(500)
);

INSERT INTO users VALUES 
  ('nitin2210274@ssn.edu.in', 'Staines', 'Welcome123', 'admin', 'hod', 'Active', 'HOD'),
  ('shahinaa@ssn.edu.in', 'Shahina A', 'Welcome123', 'admin', 'hod', 'Active', 'HOD'),
  ('bhalajin@ssn.edu.in', 'Bhalaji N', 'Welcome123', 'user', 'faculty', 'Inactive', 'Associate Professor'),
  ('aravindanc@ssn.edu.in', 'Chandrabose Aravindan', 'Welcome123', 'user', 'faculty', 'Active', 'Associate Professor'),
  ('srinivasanr@ssn.edu.in', 'Srinivasan R', 'Welcome123', 'user', 'faculty', 'Active', 'Associate Professor'),
  ('sivamuruganv@ssn.edu.in', 'Sivamurugan V', 'Welcome123', 'user', 'faculty', 'Active', 'Associate Professor'),
  ('skarthika@ssn.edu.in', 'Karthika S', 'Welcome123', 'user', 'faculty', 'Active', 'Associate Professor'),
  ('mohanas@ssn.edu.in', 'Mohanavalli S', 'Welcome123', 'user', 'faculty', 'Active', 'Associate Professor'),
  ('vasukip@ssn.edu.in', 'Vasuki P', 'Welcome123', 'user', 'faculty', 'Active', 'Associate Professor'),
  ('thanikachalamv@ssn.edu.in', 'Thanikachalam V', 'Welcome123', 'user', 'faculty', 'Inactive', 'Assistant Professor'),
  ('sasirekhas@ssn.edu.in', 'Sasirekha S', 'Welcome123', 'user', 'faculty', 'Inactive', 'Assistant Professor'),
  ('sripriyan@ssn.edu.in', 'Sripriya N', 'Welcome123', 'user', 'faculty', 'Active', 'Associate Professor'),
  ('uthayankr@ssn.edu.in', 'Uthayan K R', 'Welcome123', 'user', 'faculty', 'Active', 'Associate Professor'),
  ('joelouisi@ssn.edu.in', 'Joe Louis Paul I', 'Welcome123', 'admin', 'faculty', 'Active', 'Associate Professor'),
  ('malathyem@ssn.edu.in', 'Malathy E M', 'Welcome123', 'user', 'faculty', 'Active', 'Associate Professor'),
  ('radhan@ssn.edu.in', 'Radha N', 'Welcome123', 'user', 'faculty', 'Active', 'Associate Professor'),
  ('gayathriks@ssn.edu.in', 'Gayathri K S', 'Welcome123', 'user', 'faculty', 'Active', 'Associate Professor'),
  ('swathikar@ssn.edu.in', 'Swathika R', 'Welcome123', 'user', 'faculty', 'Active', 'Assistant Professor'),
  ('sandanakaruppana@ssn.edu.in', 'Sandana Karuppan A', 'Welcome123', 'user', 'faculty', 'Active', 'Assistant Professor'),
  ('arulkumarv@ssn.edu.in', 'Arulkumar V', 'Welcome123', 'user', 'faculty', 'Active', 'Assistant Professor'),
  ('sofiajenniferj@ssn.edu.in', 'Sofia Jennifer J', 'Welcome123', 'user', 'faculty', 'Active', 'Assistant Professor'),
  ('umamaheswaris@ssn.edu.in', 'Uma Maheswari S', 'Welcome123', 'user', 'faculty', 'Active', 'Associate Professor'),
  ('senthil@ssn.edu.in', 'Senthil Kumar B', 'Welcome123', 'user', 'faculty', 'Active', 'Assistant Professor'),
  ('josephinejulinajk@ssn.edu.in', 'Kulandai Josephine Julina J', 'Welcome123', 'user', 'faculty', 'Active', 'Assistant Professor'),
  ('ashwinthj@ssn.edu.in', 'Ashwinth Janarthanan', 'Welcome123', 'admin', 'faculty', 'Inactive', 'Assistant Professor'),
  ('durgadeviv@ssn.edu.in', 'Durgadevi Velusamy', 'Welcome123', 'user', 'faculty', 'Active', 'Assistant Professor'),
  ('saravanana@ssn.edu.in', 'Saravanan A', 'Welcome123', 'admin', 'faculty', 'Active', 'Assistant Professor'),
  ('suganyae@ssn.edu.in', 'Suganya Elavarasan', 'Welcome123', 'user', 'faculty', 'Active', 'Assistant Professor'),
  ('sornavallig@ssn.edu.in', 'Sornavalli G', 'Welcome123', 'user', 'faculty', 'Active', 'Assistant Professor'),
  ('anithas@ssn.edu.in', 'Anitha S', 'Welcome123', 'user', 'faculty', 'Active', 'Assistant Professor');


INSERT INTO theorycourse VALUES 
  ('UIT2601', 'Pattern Recognition and Machine Learning '),
  ('PIF2216', 'Internship with Seminar'),
  ('UIT2722', 'Bio Inspired Optimization Techniques'),
  ('UIT2401', 'Microprocessor and Microcontroller'),
  ('UIT2611', 'Mobile Application Development Lab'),
  ('UIT2402', 'Advanced Data Structures and Algorithm Analysis'),
  ('PIF2229', 'Data Visualization and Analytics'),
  ('UIT2404', 'Automata Theory and Compiler Design'),
  ('UIT2201', 'Programming and Data Structures'),
  ('PIF2224', 'Full Stack Web Application Development'),
  ('UIT2403', 'Data Communication and Networks'),
  ('UIT2603', 'Internet of Things and C Programming'),
  ('UGE1576', 'Professional Ethics'),
  ('UIT2042', 'Databases and Applications Development'),
  ('PIF2228', 'Mobile Application Development'),
  ('UIT2046', 'Introduction to Data Science'),
  ('PIF2202', 'Data Engineering & Management'),
  ('UIT2736', 'Text Analysis'),
  ('UIT1831', 'Soft Computing and its applications'),
  ('UIT2627', 'Introduction to AR/VR/MR/XR (PE II)'),
  ('PIF2201', 'Deep Learning for Computer Vision'),
  ('UIT2602', 'Web Programming'),
  ('PIF2102', 'Advanced Artificial Intelligence'),
  ('UIT2522', 'Optimization Techniques for Machine Learning (Honors)'),
  ('UIT2521', 'Information Theory and Applications (PE - I)'),
  ('UIT1731', 'Introduction to Deep Learning (PE - IV)'),
  ('PIF2101', 'Design and Analysis of Concurrent Structures and Algorithms'),
  ('PIF2321', 'Reinforcement Learning (PE - IV)'),
  ('UIT1722', 'Agile Software Development (PE - III)'),
  ('UIT2502', 'Data Analytics and Visualization'),
  ('UIT2301', 'Programming and Design Patterns'),
  ('UIT2302', 'Database Technology'),
  ('UIT2622', 'Advanced Artificial Intelligence Techniques (Honors)'),
  ('UIT1723', 'Developments and Operations (DevOps) (PE - III)'),
  ('UIT2526', 'Software Architecture and Principles (PE - I)'),
  ('UIT2503', 'Principles of Operating Systems'),
  ('UIT2304', 'Digital Logic and Computer Organization'),
  ('PIF2326', 'Social Network and Open Source Intelligence'),
  ('UIT1702', 'Network Security'),
  ('UIT2504', 'Artificial Intelligence'),
  ('UGE2176', 'Problem solving and Programing in Python'),
  ('UIT1701', 'Cloud Computing and Virtualization'),
  ('UBM2304', 'OOPS and Java Programming'),
  ('UIT1721', 'Principles of Software Project Management (PE - III)'),
  ('UHS2376', 'Universal Human values 2: Understanding Harmony'),
  ('PMA2161', 'Mathematics for AI & ML'),
  ('PIF2301', 'Deep Learning for Language and Speech Technologies'),
  ('UIT2501', 'Principles of Software Engineering and Practices'),
  ('UEC2304', 'OOPS and Data Structures'),
  ('PIF2103', 'Machine Learning for Multimodal Data'),
  ('UIT1703', 'Management Principles and Practices'),
  ('UBA2541', 'Principles of Management'),
  ('UIT1711', 'Mobile Application Development Lab'),
  ('UMA2377', 'Discrete Mathematics'),
  ('UIT2305', 'Introduction to Digital Communication'),
  ('PGE2176', 'Research Methodology and IPR'),
  ('PGE2942', 'Industrial Safety (OE)'),
  ('UMA2476', 'Probability and Statistics'),
  ('AHS2476', 'Indian Constitution');


INSERT INTO practicalcourse VALUES 
  ('UIT2601', 'Pattern Recognition and Machine Learning ', 2),
  ('PIF2418', 'Project co-ordinator Phase - II', 24),
  ('UIT2611', 'Mobile Application Development Lab', 6),
  ('UIT2412', 'Digital Systems and Microprocessor Lab', 3),
  ('UIT2402', 'Advanced Data Structures and Algorithm Analysis', 2),
  ('UIT2201', 'Programming and Data Structures Lab', 3),
  ('PIF2229', 'Data Visualization and Analytics', 2),
  ('UIT2211', 'Software Development Project - I', 3),
  ('UIT2602', 'Web Programming', 2),
  ('PIF2224', 'Full Stack Web Application Development', 2),
  ('UIT2411', 'Network Programming Lab', 3),
  ('UIT2603', 'Internet of Things and C Programming', 4),
  ('PIF2228', 'Mobile Application Development', 4),
  ('PIF2212', 'Data Engineering & Management Lab', 4),
  ('PIF2211', 'Deep Learning for Computer Vision Lab', 4),
  ('SNULOAD', 'SNU Load', 4),
  ('PIF2111', 'Programming with Concurrent Structures and Algorithms Lab', 4),
  ('UIT2312', 'Programming and Design Patterns Lab', 6),
  ('UGE2197', 'Programming in Python Lab', 3),
  ('UIT2512', 'Operating Systems Practices Lab', 6),
  ('PIF2326', 'Social Network and Open Source Intelligence', 2),
  ('UIT2502', 'Data Analytics and Visualization', 2),
  ('UIT1711', 'Mobile Application Development Lab', 3),
  ('UIT2511', 'Software Development Project - II', 3),
  ('UBM2304', 'OOPS and Java Programming', 2),
  ('PIF2301', 'Deep Learning for Language and Speech Technologies', 2),
  ('UEC2312', 'OOPS and Data Structures Lab', 6),
  ('UIT2311', 'Database Technology Lab', 6),
  ('UEN1597', 'Professional Communication Lab', 2);

INSERT INTO theory (faculty_id, course_code, handled_duration, hours_per_week) VALUES
  ('shahinaa@ssn.edu.in', 'UIT2601', 'March-Apr 2024', 3),
  ('srinivasanr@ssn.edu.in', 'PIF2216', 'March-Apr 2024', 4),
  ('srinivasanr@ssn.edu.in', 'UIT2722', 'March-Apr 2024', 4),
  ('sivamuruganv@ssn.edu.in', 'UIT2611', 'March-Apr 2024', 1),
  ('sivamuruganv@ssn.edu.in', 'UIT2401', 'March-Apr 2024', 3),
  ('skarthika@ssn.edu.in', 'PIF2229', 'March-Apr 2024', 2),
  ('mohanas@ssn.edu.in', 'UIT2402', 'March-Apr 2024', 3),
  ('vasukip@ssn.edu.in', 'UIT2404', 'March-Apr 2024', 3),
  ('sripriyan@ssn.edu.in', 'UIT2201', 'March-Apr 2024', 3),
  ('uthayankr@ssn.edu.in', 'PIF2224', 'March-Apr 2024', 2),
  ('joelouisi@ssn.edu.in', 'UIT2403', 'March-Apr 2024', 3),
  ('malathyem@ssn.edu.in', 'UIT2603', 'March-Apr 2024', 3),
  ('radhan@ssn.edu.in', 'UGE1576', 'March-Apr 2024', 3),
  ('gayathriks@ssn.edu.in', 'UIT2402', 'March-Apr 2024', 3),
  ('swathikar@ssn.edu.in', 'UIT2404', 'March-Apr 2024', 3),
  ('swathikar@ssn.edu.in', 'UIT2042', 'March-Apr 2024', 3),
  ('sandanakaruppana@ssn.edu.in', 'UIT2602', 'March-Apr 2024', 3),
  ('arulkumarv@ssn.edu.in', 'UIT2611', 'March-Apr 2024', 1),
  ('arulkumarv@ssn.edu.in', 'PIF2228', 'March-Apr 2024', 1),
  ('umamaheswaris@ssn.edu.in', 'UIT2401', 'March-Apr 2024', 3),
  ('umamaheswaris@ssn.edu.in', 'UIT2401', 'March-Apr 2024', 3),
  ('josephinejulinajk@ssn.edu.in', 'UIT2201', 'March-Apr 2024', 3),
  ('josephinejulinajk@ssn.edu.in', 'UIT2404', 'March-Apr 2024', 3),
  ('ashwinthj@ssn.edu.in', 'UIT2601', 'March-Apr 2024', 3),
  ('ashwinthj@ssn.edu.in', 'UIT2403', 'March-Apr 2024', 3),
  ('suganyae@ssn.edu.in', 'UIT2602', 'March-Apr 2024', 3),
  ('suganyae@ssn.edu.in', 'UIT2046', 'March-Apr 2024', 3),
  ('senthil@ssn.edu.in', 'PIF2202', 'March-Apr 2024', 3),
  ('senthil@ssn.edu.in', 'UIT2736', 'March-Apr 2024', 4),
  ('durgadeviv@ssn.edu.in', 'UIT2603', 'March-Apr 2024', 3),
  ('durgadeviv@ssn.edu.in', 'UIT1831', 'March-Apr 2024', 3),
  ('saravanana@ssn.edu.in', 'UIT2627', 'March-Apr 2024', 4),
  ('saravanana@ssn.edu.in', 'PIF2201', 'March-Apr 2024', 3),
  ('sornavallig@ssn.edu.in', 'UIT2627', 'March-Apr 2024', 4),
  ('sornavallig@ssn.edu.in', 'UIT2403', 'March-Apr 2024', 3),
  ('anithas@ssn.edu.in', 'UIT2402', 'March-Apr 2024', 3),
  ('anithas@ssn.edu.in', 'UIT2201', 'March-Apr 2024', 3),
  ('aravindanc@ssn.edu.in', 'PIF2102', 'Nov-Dec 2023', 3),
  ('srinivasanr@ssn.edu.in', 'UIT2522','Nov-Dec 2023', 3),
  ('srinivasanr@ssn.edu.in', 'UIT2521', 'Nov-Dec 2023', 3),
  ('shahinaa@ssn.edu.in', 'UIT1731', 'Nov-Dec 2023', 3),
  ('sivamuruganv@ssn.edu.in', 'PIF2101', 'Nov-Dec 2023', 3),
  ('sivamuruganv@ssn.edu.in', 'PIF2321', 'Nov-Dec 2023', 3),
  ('bhalajin@ssn.edu.in', 'UIT1722', 'Nov-Dec 2023', 3),
  ('skarthika@ssn.edu.in', 'UIT2502', 'Nov-Dec 2023', 3),
  ('skarthika@ssn.edu.in', 'UIT2301', 'Nov-Dec 2023', 3),
  ('mohanas@ssn.edu.in', 'UIT2502', 'Nov-Dec 2023', 3),
  ('mohanas@ssn.edu.in', 'UIT2302', 'Nov-Dec 2023', 3),
  ('vasukip@ssn.edu.in', 'UIT2622', 'Nov-Dec 2023', 3),
  ('vasukip@ssn.edu.in', 'UIT2301', 'Nov-Dec 2023', 3),
  ('sripriyan@ssn.edu.in', 'UIT2301', 'Nov-Dec 2023', 3),
  ('uthayankr@ssn.edu.in', 'UIT1723', 'Nov-Dec 2023', 3),
  ('uthayankr@ssn.edu.in', 'UIT2526', 'Nov-Dec 2023', 3),
  ('joelouisi@ssn.edu.in', 'UIT2503', 'Nov-Dec 2023', 3),
  ('joelouisi@ssn.edu.in', 'UIT2521', 'Nov-Dec 2023', 3),
  ('thanikachalamv@ssn.edu.in', 'UIT2503', 'Nov-Dec 2023', 3),
  ('thanikachalamv@ssn.edu.in', 'UIT2304', 'Nov-Dec 2023', 3),
  ('sasirekhas@ssn.edu.in', 'UIT1701', 'Nov-Dec 2023', 3),
  ('sasirekhas@ssn.edu.in', 'PIF2326', 'Nov-Dec 2023', 4),
  ('malathyem@ssn.edu.in', 'UIT1702', 'Nov-Dec 2023', 3),
  ('malathyem@ssn.edu.in', 'UIT2304', 'Nov-Dec 2023', 3),
  ('radhan@ssn.edu.in', 'UIT1702', 'Nov-Dec 2023', 3),
  ('gayathriks@ssn.edu.in', 'UIT2504', 'Nov-Dec 2023', 3),
  ('gayathriks@ssn.edu.in', 'UGE2176', 'Nov-Dec 2023', 4),
  ('swathikar@ssn.edu.in', 'UIT2302', 'Nov-Dec 2023', 3),
  ('swathikar@ssn.edu.in', 'UIT2304', 'Nov-Dec 2023', 3),
  ('sandanakaruppana@ssn.edu.in', 'UIT1701', 'Nov-Dec 2023', 3),
  ('sandanakaruppana@ssn.edu.in', 'UBM2304', 'Nov-Dec 2023', 2),
  ('arulkumarv@ssn.edu.in', 'UIT1721', 'Nov-Dec 2023', 4),
  ('arulkumarv@ssn.edu.in', 'UGE2176', 'Nov-Dec 2023', 4),
  ('arulkumarv@ssn.edu.in', 'UIT1711', 'Nov-Dec 2023', 1),
  ('sofiajenniferj@ssn.edu.in', 'UIT1731', 'Nov-Dec 2023', 3),
  ('umamaheswaris@ssn.edu.in', 'UHS2376', 'Nov-Dec 2023', 4),
  ('umamaheswaris@ssn.edu.in', 'UHS2376', 'Nov-Dec 2023', 4),
  ('umamaheswaris@ssn.edu.in', 'PMA2161', 'Nov-Dec 2023', 2),
  ('senthil@ssn.edu.in', 'PIF2301', 'Nov-Dec 2023', 3),
  ('senthil@ssn.edu.in', 'UGE2176', 'Nov-Dec 2023', 4),
  ('josephinejulinajk@ssn.edu.in', 'UEC2304', 'Nov-Dec 2023', 3),
  ('josephinejulinajk@ssn.edu.in', 'UIT2501', 'Nov-Dec 2023', 3),
  ('ashwinthj@ssn.edu.in', 'UEC2304', 'Nov-Dec 2023', 3),
  ('ashwinthj@ssn.edu.in', 'PIF2103', 'Nov-Dec 2023', 3),
  ('suganyae@ssn.edu.in', 'UIT2302', 'Nov-Dec 2023', 3),
  ('suganyae@ssn.edu.in', 'UGE2176', 'Nov-Dec 2023', 4),
  ('durgadeviv@ssn.edu.in', 'UIT2521', 'Nov-Dec 2023', 3),
  ('durgadeviv@ssn.edu.in', 'UHS2376', 'Nov-Dec 2023', 4),
  ('saravanana@ssn.edu.in', 'UIT1703', 'Nov-Dec 2023', 3),
  ('saravanana@ssn.edu.in', 'UIT2504', 'Nov-Dec 2023', 3),
  ('sornavallig@ssn.edu.in', 'UIT2501', 'Nov-Dec 2023', 3),
  ('sornavallig@ssn.edu.in', 'UGE2176', 'Nov-Dec 2023', 3),
  ('anithas@ssn.edu.in', 'UGE2176', 'Nov-Dec 2023', 3),
  ('anithas@ssn.edu.in', 'UGE2176', 'Nov-Dec 2023', 3);

INSERT INTO practical (faculty_id, course_code, handled_duration) VALUES
  ('shahinaa@ssn.edu.in', 'UIT2601', 'March-Apr 2024'),
  ('srinivasanr@ssn.edu.in', 'PIF2418', 'March-Apr 2024'),
  ('sivamuruganv@ssn.edu.in', 'UIT2412', 'March-Apr 2024'),
  ('sivamuruganv@ssn.edu.in', 'UIT2611', 'March-Apr 2024'),
  ('skarthika@ssn.edu.in', 'UIT2402', 'March-Apr 2024'),
  ('skarthika@ssn.edu.in', 'UIT2201', 'March-Apr 2024'),
  ('mohanas@ssn.edu.in', 'UIT2402', 'March-Apr 2024'),
  ('vasukip@ssn.edu.in', 'UIT2412', 'March-Apr 2024'),
  ('vasukip@ssn.edu.in', 'UIT2412', 'March-Apr 2024'),
  ('sripriyan@ssn.edu.in', 'UIT2201', 'March-Apr 2024'),
  ('uthayankr@ssn.edu.in', 'PIF2224', 'March-Apr 2024'),
  ('uthayankr@ssn.edu.in', 'UIT2602', 'March-Apr 2024'),
  ('joelouisi@ssn.edu.in', 'UIT2411', 'March-Apr 2024'),
  ('joelouisi@ssn.edu.in', 'UIT2411', 'March-Apr 2024'),
  ('malathyem@ssn.edu.in', 'UIT2603', 'March-Apr 2024'),
  ('malathyem@ssn.edu.in', 'UIT2412', 'March-Apr 2024'),
  ('radhan@ssn.edu.in', 'UIT2602', 'March-Apr 2024'),
  ('gayathriks@ssn.edu.in', 'UIT2402', 'March-Apr 2024'),
  ('swathikar@ssn.edu.in', 'UIT2411', 'March-Apr 2024'),
  ('swathikar@ssn.edu.in', 'UIT2201', 'March-Apr 2024'),
  ('sandanakaruppana@ssn.edu.in', 'UIT2602', 'March-Apr 2024'),
  ('sandanakaruppana@ssn.edu.in', 'UIT2411', 'March-Apr 2024'),
  ('arulkumarv@ssn.edu.in', 'PIF2228', 'March-Apr 2024'),
  ('arulkumarv@ssn.edu.in', 'UIT2611', 'March-Apr 2024'),
  ('arulkumarv@ssn.edu.in', 'UIT2201', 'March-Apr 2024'),
  ('uthayankr@ssn.edu.in', 'UIT2602', 'March-Apr 2024'),
  ('uthayankr@ssn.edu.in', 'UIT2602', 'March-Apr 2024'),
  ('umamaheswaris@ssn.edu.in', 'UIT2412', 'March-Apr 2024'),
  ('umamaheswaris@ssn.edu.in', 'UIT2412', 'March-Apr 2024'),
  ('josephinejulinajk@ssn.edu.in', 'UIT2201', 'March-Apr 2024'),
  ('ashwinthj@ssn.edu.in', 'UIT2601', 'March-Apr 2024'),
  ('ashwinthj@ssn.edu.in', 'UIT2411', 'March-Apr 2024'),
  ('suganyae@ssn.edu.in', 'UIT2602', 'March-Apr 2024'),
  ('senthil@ssn.edu.in', 'UIT2411', 'March-Apr 2024'),
  ('senthil@ssn.edu.in', 'PIF2212', 'March-Apr 2024'),
  ('durgadeviv@ssn.edu.in', 'UIT2603', 'March-Apr 2024'),
  ('saravanana@ssn.edu.in', 'UIT2402', 'March-Apr 2024'),
  ('saravanana@ssn.edu.in', 'PIF2211', 'March-Apr 2024'),
  ('sornavallig@ssn.edu.in', 'UIT2411', 'March-Apr 2024'),
  ('sornavallig@ssn.edu.in', 'UIT2402', 'March-Apr 2024'),
  ('anithas@ssn.edu.in', 'UIT2402', 'March-Apr 2024'),
  ('aravindanc@ssn.edu.in' ,'SNULOAD', 'March-Apr 2024'),
  ('vasukip@ssn.edu.in' ,'SNULOAD', 'March-Apr 2024'),
  ('sandanakaruppana@ssn.edu.in' ,'SNULOAD', 'March-Apr 2024'),
  ('sivamuruganv@ssn.edu.in', 'PIF2111', 'Nov-Dec 2023'),
  ('skarthika@ssn.edu.in', 'UIT2312', 'Nov-Dec 2023'),
  ('mohanas@ssn.edu.in', 'UIT2311', 'Nov-Dec 2023'),
  ('vasukip@ssn.edu.in', 'UIT2312', 'Nov-Dec 2023'),
  ('sripriyan@ssn.edu.in', 'UIT2312', 'Nov-Dec 2023'),
  ('sripriyan@ssn.edu.in', 'UGE2197', 'Nov-Dec 2023'),
  ('uthayankr@ssn.edu.in', 'UGE2197', 'Nov-Dec 2023'),
  ('joelouisi@ssn.edu.in', 'UIT2512', 'Nov-Dec 2023'),
  ('thanikachalamv@ssn.edu.in', 'UIT2512', 'Nov-Dec 2023'),
  ('sasirekhas@ssn.edu.in', 'UIT2502', 'Nov-Dec 2023'),
  ('sasirekhas@ssn.edu.in', 'UIT2502', 'Nov-Dec 2023'),
  ('malathyem@ssn.edu.in', 'UIT1711', 'Nov-Dec 2023'),
  ('malathyem@ssn.edu.in', 'UIT1711', 'Nov-Dec 2023'),
  ('radhan@ssn.edu.in', 'UGE2197', 'Nov-Dec 2023'),
  ('gayathriks@ssn.edu.in', 'UGE2197', 'Nov-Dec 2023'),
  ('swathikar@ssn.edu.in', 'UIT2311', 'Nov-Dec 2023'),
  ('sandanakaruppana@ssn.edu.in', 'UBM2304', 'Nov-Dec 2023'),
  ('sandanakaruppana@ssn.edu.in', 'UGE2197', 'Nov-Dec 2023'),
  ('arulkumarv@ssn.edu.in', 'UIT1711', 'Nov-Dec 2023'),
  ('arulkumarv@ssn.edu.in', 'UIT1711', 'Nov-Dec 2023'),
  ('sofiajenniferj@ssn.edu.in', 'UIT2502', 'Nov-Dec 2023'),
  ('sofiajenniferj@ssn.edu.in', 'UIT2502', 'Nov-Dec 2023'),
  ('umamaheswaris@ssn.edu.in', 'UGE2197', 'Nov-Dec 2023'),
  ('senthil@ssn.edu.in', 'UBM2304', 'Nov-Dec 2023'),
  ('senthil@ssn.edu.in', 'PIF2301', 'Nov-Dec 2023'),
  ('senthil@ssn.edu.in', 'UGE2197', 'Nov-Dec 2023'),
  ('josephinejulinajk@ssn.edu.in', 'UEC2312', 'Nov-Dec 2023'),
  ('ashwinthj@ssn.edu.in', 'UEC2312', 'Nov-Dec 2023'),
  ('durgadeviv@ssn.edu.in', 'UGE2197', 'Nov-Dec 2023'),
  ('durgadeviv@ssn.edu.in', 'UGE2197', 'Nov-Dec 2023'),
  ('saravanana@ssn.edu.in', 'UGE2197', 'Nov-Dec 2023'),
  ('saravanana@ssn.edu.in', 'UGE2197', 'Nov-Dec 2023'),
  ('sornavallig@ssn.edu.in', 'UGE2197', 'Nov-Dec 2023'),
  ('suganyae@ssn.edu.in', 'UIT2311', 'Nov-Dec 2023'),
  ('suganyae@ssn.edu.in', 'UGE2197', 'Nov-Dec 2023'),
  ('anithas@ssn.edu.in', 'UGE2197', 'Nov-Dec 2023'),
  ('anithas@ssn.edu.in', 'UGE2197', 'Nov-Dec 2023');


INSERT INTO project (faculty_id, course_code, project_name, handled_duration) VALUES 
  ('skarthika@ssn.edu.in', 'UIT2402', 'Advaned Data Structures Project', 'March-Apr 2024'),
  ('mohanas@ssn.edu.in', 'UIT2402', 'Advaned Data Structures Project', 'March-Apr 2024'),
  ('sripriyan@ssn.edu.in', 'UIT2211', 'Software Development Project - I', 'March-Apr 2024'),
  ('uthayankr@ssn.edu.in', 'UIT2602','Web Programming Project','March-Apr 2024'),
  ('radhan@ssn.edu.in', 'UIT2602','Web Programming Project','March-Apr 2024'),
  ('gayathriks@ssn.edu.in', 'UIT2402', 'Advaned Data Structures Project', 'March-Apr 2024'),
  ('gayathriks@ssn.edu.in', 'UIT2211', 'Software Development Project - I', 'March-Apr 2024'),
  ('sandanakaruppana@ssn.edu.in', 'UIT2602','Web Programming Project','March-Apr 2024'),
  ('arulkumarv@ssn.edu.in', 'UIT2211', 'Software Development Project - I', 'March-Apr 2024'),
  ('josephinejulinajk@ssn.edu.in', 'UIT2211', 'Software Development Project - I', 'March-Apr 2024'),
  ('suganyae@ssn.edu.in', 'UIT2602','Web Programming Project','March-Apr 2024'),
  ('durgadeviv@ssn.edu.in', 'UIT2211', 'Software Development Project - I', 'March-Apr 2024'),
  ('durgadeviv@ssn.edu.in', 'UIT2211', 'Software Development Project - I', 'March-Apr 2024'),
  ('saravanana@ssn.edu.in', 'UIT2402', 'Advaned Data Structures Project', 'March-Apr 2024'),
  ('sornavallig@ssn.edu.in', 'UIT2402', 'Advaned Data Structures Project', 'March-Apr 2024'),
  ('anithas@ssn.edu.in', 'UIT2402', 'Advaned Data Structures Project', 'March-Apr 2024'),
  ('radhan@ssn.edu.in', 'UIT2511', 'Software Development Project - II', 'Nov-Dec 2023'),
  ('sornavallig@ssn.edu.in', 'UIT2511', 'Software Development Project - II', 'Nov-Dec 2023');


INSERT INTO dept_duty VALUES 
  ('aravindanc@ssn.edu.in', 'Accreditation (NBA / NAAC) (Chair)'),
  ('aravindanc@ssn.edu.in', 'Research Committee (Chair)'),
  ('aravindanc@ssn.edu.in', 'Center of Excellence'),
  ('aravindanc@ssn.edu.in', 'Industry Interactions'),
  ('aravindanc@ssn.edu.in', 'Program Advisory Committee (Chair)'),
  ('aravindanc@ssn.edu.in', 'Board of Studies (Chair) '),
  ('aravindanc@ssn.edu.in', 'Department Portfolio Deployment'),
  ('srinivasanr@ssn.edu.in', 'Program Advisory Committee (UG - Coordinator, PG - Member)'),
  ('srinivasanr@ssn.edu.in', 'Board of Studies (UG - Coordinator, PG - Member)'),
  ('srinivasanr@ssn.edu.in', 'Class Committee Chairman (VII UG - 2022-23)'),
  ('srinivasanr@ssn.edu.in', 'Class Committee Chairman (VIII UG - 2022-23)'),
  ('srinivasanr@ssn.edu.in', 'Center of Excellence'),
  ('srinivasanr@ssn.edu.in', 'Student Feedback'),
  ('srinivasanr@ssn.edu.in', 'Research Committee'),
  ('srinivasanr@ssn.edu.in', 'Industry Interactions'),
  ('shahinaa@ssn.edu.in', 'Program Advisory Committee (PG -Coordinator, UG -Member)'),
  ('shahinaa@ssn.edu.in', 'Board of Studies (PG - Coordinator, UG- Member)'),
  ('shahinaa@ssn.edu.in', 'Class Committee Chairman (III UG - 2022-23)'),
  ('shahinaa@ssn.edu.in', 'Class Committee Chairman (IV UG - 2022-23) '),
  ('shahinaa@ssn.edu.in', 'Student Feedback'),
  ('shahinaa@ssn.edu.in', 'Research Committee'),
  ('shahinaa@ssn.edu.in', 'Center of Excellence'),
  ('shahinaa@ssn.edu.in', 'Industry Interactions'),
  ('shahinaa@ssn.edu.in', 'Magazine (IdentITy)'),
  ('sivamuruganv@ssn.edu.in', 'Class Committee Chairman (V UG - 2022-23)'),
  ('sivamuruganv@ssn.edu.in', 'Class Committee Chairman (VI UG - 2022-23)'),
  ('sivamuruganv@ssn.edu.in', 'Remedial Class for weak student'),
  ('sivamuruganv@ssn.edu.in', 'IoT Incharge'),
  ('sivamuruganv@ssn.edu.in', 'End semester Lab Exam coordinator'),
  ('sivamuruganv@ssn.edu.in', 'IQAC'),
  ('sivamuruganv@ssn.edu.in', 'Accreditation (NBA / NAAC)'),
  ('sivamuruganv@ssn.edu.in', 'Departement Library'),
  ('bhalajin@ssn.edu.in', 'Class Committee Chairman (I PG)'),
  ('bhalajin@ssn.edu.in', 'Industry Interactions'),
  ('bhalajin@ssn.edu.in', 'Entrepreneur Development Cell'),
  ('bhalajin@ssn.edu.in', 'Institution Innovation Cell -Department Coordinator'),
  ('skarthika@ssn.edu.in', 'Budget preparation / Utilization Tracker'),
  ('skarthika@ssn.edu.in', 'Monthly Activities'),
  ('skarthika@ssn.edu.in', 'Accreditation (NBA / NAAC)'),
  ('skarthika@ssn.edu.in', 'Magazine (IdentITy)'),
  ('skarthika@ssn.edu.in', 'Program Advisory Committee (PG - Member)'),
  ('skarthika@ssn.edu.in', 'Institution Innovation Cell - Department Coordinator'),
  ('mohanas@ssn.edu.in', 'Class Committee Chairman (III PG - 2022-23)'),
  ('mohanas@ssn.edu.in', 'Governing Bodies (AU / AICTE / UGC / NIRF)'),
  ('mohanas@ssn.edu.in', 'Internship'),
  ('mohanas@ssn.edu.in', 'Grievance'),
  ('mohanas@ssn.edu.in', 'Program Advisory Committee (UG - Member)'),
  ('mohanas@ssn.edu.in', 'Student Information System'),
  ('vasukip@ssn.edu.in', 'Budget preparation / Utilization Tracker'),
  ('vasukip@ssn.edu.in', 'Class Advisor (M. TECH I SEM - 2022-23)'),
  ('vasukip@ssn.edu.in', 'Class Advisor (VIII SEM A - 2022-23)'),
  ('vasukip@ssn.edu.in', 'Alumni Incharge'),
  ('vasukip@ssn.edu.in', 'Student Activities - Extra-curricular / Co - Curricular'),
  ('vasukip@ssn.edu.in', 'Magazine (IdentITy)'),
  ('vasukip@ssn.edu.in', 'Board of Studies (PG - Member)'),
  ('vasukip@ssn.edu.in', 'Center of Excellence'),
  ('vasukip@ssn.edu.in', 'Institution Innovation Cell'),
  ('sripriyan@ssn.edu.in', 'Program Advisory Committee (UG, PG Secretary)'),
  ('sripriyan@ssn.edu.in', 'Program Advisory Committee (UG, PG Secretary)'),
  ('sripriyan@ssn.edu.in', 'Faculty & Staff Information System'),
  ('sripriyan@ssn.edu.in', 'Department Petty cash management'),
  ('sripriyan@ssn.edu.in', 'Minutes of Meeting & Copy of circular'),
  ('sripriyan@ssn.edu.in', 'Software engineering Lab Incharge - II'),
  ('sripriyan@ssn.edu.in', 'Accreditation (NBA / NAAC)'),
  ('uthayankr@ssn.edu.in', 'AT lab incharge'),
  ('uthayankr@ssn.edu.in', 'Entrepreneur Development Cell'),
  ('uthayankr@ssn.edu.in', '3rd year UG test Coordinator'),
  ('uthayankr@ssn.edu.in', 'Grievance'),
  ('uthayankr@ssn.edu.in', 'Program Advisory Committee (UG - Member)'),
  ('uthayankr@ssn.edu.in', 'Board of Studies (UG - Member)'),
  ('joelouisi@ssn.edu.in', 'Board of Studies (UG - Member)'),
  ('joelouisi@ssn.edu.in', 'Alumni Incharge'),
  ('joelouisi@ssn.edu.in', 'Governing Bodies (AU / AICTE / UGC / NIRF)'),
  ('joelouisi@ssn.edu.in', 'Test Coordinator (IV Year)'),
  ('joelouisi@ssn.edu.in', 'Class Advisor (IV sem A - 2022-23)'),
  ('joelouisi@ssn.edu.in', 'Website / Social Media'),
  ('joelouisi@ssn.edu.in', 'Grievance'),
  ('sasirekhas@ssn.edu.in', 'Time Table Incharge'),
  ('sasirekhas@ssn.edu.in', 'Alumni Incharge'),
  ('sasirekhas@ssn.edu.in', 'LMS'),
  ('sasirekhas@ssn.edu.in', 'Budget preparation / Utilization Tracker'),
  ('sasirekhas@ssn.edu.in', 'Extra-curricular / Co-Curricular (Procode)'),
  ('sasirekhas@ssn.edu.in', 'Department Portfolio Management'),
  ('malathyem@ssn.edu.in', 'Class Advisor (VII A - 2022-23)'),
  ('malathyem@ssn.edu.in', 'IoT Incharge'),
  ('malathyem@ssn.edu.in', 'Test Coordinator (PG)'),
  ('malathyem@ssn.edu.in', 'IQAC'),
  ('malathyem@ssn.edu.in', 'Guest Lecture / Value Added Course'),
  ('malathyem@ssn.edu.in', 'Accreditation (NBA / NAAC)'),
  ('radhan@ssn.edu.in', 'Time Table Incharge'),
  ('radhan@ssn.edu.in', 'Research Committee (Research Scholar)'),
  ('radhan@ssn.edu.in', 'AT lab incharge'),
  ('radhan@ssn.edu.in', 'Industry Interactions'),
  ('radhan@ssn.edu.in', 'Placement'),
  ('swathikar@ssn.edu.in', 'Faculty & Staff Information System'),
  ('swathikar@ssn.edu.in', 'Class Advisor (III A - 2022-23)'),
  ('swathikar@ssn.edu.in', 'PG Lab Incharge'),
  ('swathikar@ssn.edu.in', 'Student Feedback'),
  ('swathikar@ssn.edu.in', 'Infrastructure'),
  ('swathikar@ssn.edu.in', 'Guest Lecture / Value Added Course'),
  ('sandanakaruppana@ssn.edu.in', 'PG Lab Incharge'),
  ('sandanakaruppana@ssn.edu.in', 'Placement (PG, LE & SPURS)'),
  ('sandanakaruppana@ssn.edu.in', 'Extra-curricular / Co-Curricular - Invente'),
  ('sandanakaruppana@ssn.edu.in', 'Infrastructure'),
  ('sandanakaruppana@ssn.edu.in', 'Guest Lecture / Value Added Course'),
  ('sandanakaruppana@ssn.edu.in', 'Class Advisor (VIII A - 2022-23)'),
  ('sandanakaruppana@ssn.edu.in', 'LMS'),
  ('arulkumarv@ssn.edu.in', 'Class Advisor (VII B - 2022-23)'),
  ('arulkumarv@ssn.edu.in', '4G Lab Incharge'),
  ('arulkumarv@ssn.edu.in', 'Placement (UG)'),
  ('arulkumarv@ssn.edu.in', 'Infrastructure'),
  ('arulkumarv@ssn.edu.in', 'Entrepreneur Development Cell'),
  ('sofiajenniferj@ssn.edu.in', 'Student Information System'),
  ('sofiajenniferj@ssn.edu.in', 'Research Committee (Sponsored Projects/ Consultancy)'),
  ('sofiajenniferj@ssn.edu.in', 'Remedial Class for weak student'),
  ('sofiajenniferj@ssn.edu.in', 'OS Lab Incharge'),
  ('sofiajenniferj@ssn.edu.in', 'Magazine (IdentITy)'),
  ('gayathriks@ssn.edu.in', 'Charles Babbage Lab Incharge'),
  ('gayathriks@ssn.edu.in', 'NPTEL / Value added course / Honors'),
  ('gayathriks@ssn.edu.in', 'Student Information System'),
  ('gayathriks@ssn.edu.in', 'Research (IFP Faculty Progress Monitoring)'),
  ('gayathriks@ssn.edu.in', 'Alumni Incharge'),
  ('umamaheswaris@ssn.edu.in', 'Charles Babbage Lab Incharge'),
  ('umamaheswaris@ssn.edu.in', 'Remedial Class for weak student'),
  ('umamaheswaris@ssn.edu.in', 'Class Advisor (III B - 2022-23)'),
  ('umamaheswaris@ssn.edu.in', 'Research Committee (Publication)'),
  ('umamaheswaris@ssn.edu.in', 'Research Lab incharge'),
  ('umamaheswaris@ssn.edu.in', 'End semester Lab Exam coordinator'),
  ('senthil@ssn.edu.in', 'LMS'),
  ('senthil@ssn.edu.in', 'Student Information System'),
  ('senthil@ssn.edu.in', 'Magazine (IdentITy)'),
  ('senthil@ssn.edu.in', 'NPTEL / Value added course / Honors'),
  ('senthil@ssn.edu.in', 'Website / Social Media'),
  ('senthil@ssn.edu.in', 'VN Lab Incharge'),
  ('josephinejulinajk@ssn.edu.in', 'Professional Bodies'),
  ('josephinejulinajk@ssn.edu.in', 'Grievance'),
  ('josephinejulinajk@ssn.edu.in', 'Faculty & Staff Information System'),
  ('josephinejulinajk@ssn.edu.in', 'Software engineering Lab Incharge'),
  ('josephinejulinajk@ssn.edu.in', 'Remedial Class for weak student'),
  ('ashwinthj@ssn.edu.in', 'Student Information System'),
  ('ashwinthj@ssn.edu.in', 'Infrastructure'),
  ('ashwinthj@ssn.edu.in', 'Class Advisor (VI B - 2022-23)'),
  ('ashwinthj@ssn.edu.in', 'Budget preparation / Utilization Tracker'),
  ('ashwinthj@ssn.edu.in', 'VN Lab Incharge'),
  ('ashwinthj@ssn.edu.in', 'Industry Interactions'),
  ('suganyae@ssn.edu.in', 'Monthly Activities'),
  ('suganyae@ssn.edu.in', 'End semester Lab Exam coordinator'),
  ('suganyae@ssn.edu.in', 'Remedial Class for weak student'),
  ('suganyae@ssn.edu.in', 'Departement Library'),
  ('suganyae@ssn.edu.in', 'Website / Social Media'),
  ('sornavallig@ssn.edu.in', 'Class Advisor (VI A - 2022-23)'),
  ('sornavallig@ssn.edu.in', 'Student Information System'),
  ('sornavallig@ssn.edu.in', 'Center of Excellence'),
  ('sornavallig@ssn.edu.in', 'Internship'),
  ('sornavallig@ssn.edu.in', 'NPTEL / Value added course / Honors'),
  ('durgadeviv@ssn.edu.in', 'Minutes of Meeting & Copy of circular'),
  ('durgadeviv@ssn.edu.in', 'Internship'),
  ('durgadeviv@ssn.edu.in', 'IQAC'),
  ('durgadeviv@ssn.edu.in', 'Accreditation (NBA / NAAC)'),
  ('durgadeviv@ssn.edu.in', 'Research (IFP Student Progress Monitoring)'),
  ('saravanana@ssn.edu.in', 'Time Table Incharge'),
  ('saravanana@ssn.edu.in', 'Research Committee(Patent)'),
  ('saravanana@ssn.edu.in', 'End semester Lab Exam coordinator'),
  ('saravanana@ssn.edu.in', 'OS Lab Incharge'),
  ('saravanana@ssn.edu.in', 'Website / Social Media');

INSERT INTO duty VALUES 
('Accreditation (NBA / NAAC) (Chair)'),
('Research Committee (Chair)'),
('Center of Excellence'),
('Industry Interactions'),
('Program Advisory Committee (Chair)'),
('Board of Studies (Chair)'),
('Department Portfolio Deployment'),
('Program Advisory Committee (UG - Coordinator, PG - Member)'),
('Board of Studies (UG - Coordinator, PG - Member)'),
('Class Committee Chairman (VII UG - 2022-23)'),
('Class Committee Chairman (VIII UG - 2022-23)'),
('Student Feedback'),
('Research Committee'),
('Class Committee Chairman (III UG - 2022-23)'),
('Class Committee Chairman (IV UG - 2022-23)'),
('Magazine (IdentITy)'),
('Class Committee Chairman (V UG - 2022-23)'),
('Class Committee Chairman (VI UG - 2022-23)'),
('IoT Incharge'),
('IQAC'),
('Departement Library'),
('Class Committee Chairman (I PG)'),
('Entrepreneur Development Cell'),
('Institution Innovation Cell -Department Coordinator'),
('Budget preparation / Utilization Tracker'),
('Monthly Activities'),
('Program Advisory Committee (PG - Coordinator, UG -Member)'),
('Board of Studies (PG - Coordinator, UG- Member)'),
('Class Committee Chairman (III UG - 2022-23)'),
('Class Committee Chairman (IV UG - 2022-23)'),
('Class Advisor (M. TECH I SEM - 2022-23)'),
('Class Advisor (VIII SEM A - 2022-23)'),
('Alumni Incharge'),
('Student Activities - Extra-curricular / Co – Curricular'),
('Time Table Incharge'),
('Research Committee(Patent)'),
('OS Lab Incharge'),
('Class Advisor (VI A - 2022-23)'),
('Governing Bodies (AU / AICTE / UGC / NIRF)'),
('Internship'),
('Minutes of Meeting & Copy of circular'),
('Class Advisor (IV sem A - 2022-23)'),
('Test Coordinator (IV Year)'),
('Test Coordinator (PG)'),
('AT lab incharge'),
('3rd year UG test Coordinator'),
('Faculty & Staff Information System'),
('Department Petty cash management'),
('Software engineering Lab Incharge - II'),
('AT lab incharge'),
('Placement'),
('Class Advisor (VII A - 2022-23)'),
('4G Lab Incharge'),
('Placement (UG)'),
('Student Information System'),
('Research Committee (Sponsored Projects/ Consultancy)'),
('Class Advisor (VIII A - 2022-23)'),
('LMS');






    









